price(in Rs.),processor,ram,os,storage,display(in inch),rating,no_of_ratings,no_of_reviews,PriceCategory
62990,0,0,0,0,15.6,4.5,14.0,1.0,2
37500,1,1,1,1,15.6,4.4,53.0,3.0,1
49990,2,1,0,0,15.6,4.4,4733.0,463.0,2
33990,3,1,1,0,15.6,4.3,10406.0,1040.0,1
18990,4,2,2,2,14.0,3.8,18.0,3.0,0
86990,5,1,3,2,13.3,4.7,8865.0,795.0,2
23990,6,2,1,2,14.0,4.1,790.0,95.0,0
36890,7,1,1,2,14.0,4.284883720930233,718.0915697674419,83.89825581395348,1
33999,1,1,1,0,15.6,4.0,112.0,8.0,1
38990,0,1,0,0,15.6,4.1,3955.0,462.0,1
26990,8,1,1,2,15.6,4.2,381.0,76.0,0
66990,9,0,1,0,14.0,5.0,4.0,0.0,2
37990,1,1,1,0,15.6,4.1,257.0,26.0,1
56990,10,0,0,0,15.6,4.1,137.0,18.0,2
39990,1,1,0,1,15.6,4.1,143.0,11.0,1
46990,1,1,4,2,14.0,4.4,12584.0,1870.0,2
37990,1,1,1,2,14.0,4.2,1779.0,160.0,1
49123,11,0,1,0,15.6,4.3,328.0,34.0,2
47990,11,1,1,0,15.6,4.4,2239.0,299.0,2
86500,9,3,1,0,14.0,4.4,9.0,0.0,2
86990,5,1,3,2,13.3,4.7,8865.0,795.0,2
44990,12,1,1,0,15.6,4.2,93.0,17.0,1
52990,0,1,1,0,15.6,4.3,68.0,7.0,2
38990,7,1,1,0,15.6,4.2,1911.0,208.0,1
33890,1,1,1,2,14.0,4.2,870.0,66.0,1
33990,3,1,0,0,14.0,4.4,19.0,0.0,1
26990,4,1,1,2,14.0,4.0,754.0,79.0,0
38500,1,1,1,0,15.6,4.3,453.0,38.0,1
45909,11,1,1,0,14.0,4.2,1979.0,202.0,2
49990,11,1,1,1,15.6,4.4,1233.0,149.0,2
40950,1,1,1,0,15.6,4.3,388.0,40.0,1
52890,0,0,0,0,15.6,4.5,14.0,1.0,2
99990,13,4,1,0,15.6,4.4,127.0,16.0,2
59990,13,0,1,0,15.6,4.5,870.0,105.0,2
58018,9,1,1,0,15.6,4.2,2011.0,167.0,2
38699,1,1,1,0,15.6,4.3,4658.0,449.0,1
32990,14,5,0,0,14.0,4.2,109.0,18.0,1
53990,11,1,1,0,14.0,4.2,128.0,21.0,2
64990,9,6,1,0,14.0,4.5,325.0,52.0,2
52990,0,1,1,0,15.6,4.2,280.0,21.0,2
46990,1,1,4,2,14.0,4.4,12584.0,1870.0,2
109990,15,4,1,3,17.3,4.3,59.0,11.0,2
68114,9,0,1,0,14.0,4.4,301.0,22.0,2
56049,9,1,1,0,15.6,4.2,247.0,21.0,2
25990,16,2,1,2,14.0,4.1,233.0,32.0,0
33990,1,1,1,0,15.6,4.2,741.0,84.0,1
38990,17,1,5,0,14.0,4.2,431.0,39.0,1
47039,11,1,1,0,15.6,4.3,1603.0,184.0,2
67990,9,0,1,0,15.6,4.5,28.0,0.0,2
40990,1,1,1,0,14.0,4.3,389.0,44.0,1
46990,1,1,4,2,14.0,4.4,12584.0,1870.0,2
38500,1,1,1,0,15.6,4.3,453.0,38.0,1
49990,0,1,1,0,15.6,4.2,206.0,20.0,2
131990,18,7,3,0,13.6,4.284883720930233,718.0915697674419,83.89825581395348,2
159990,19,8,0,3,14.0,4.7,6.0,2.0,2
52890,0,0,0,0,15.6,4.5,14.0,1.0,2
74990,13,1,1,0,15.6,4.5,413.0,63.0,2
61990,13,0,1,0,15.6,4.4,1087.0,131.0,2
74990,0,6,1,0,14.0,4.284883720930233,718.0915697674419,83.89825581395348,2
38699,1,1,1,0,15.6,4.3,4658.0,449.0,1
46990,12,1,1,0,14.0,5.0,7.0,2.0,2
57990,9,1,0,1,15.6,3.8,25.0,2.0,2
51990,11,1,1,0,15.6,4.4,5533.0,674.0,2
52990,0,1,1,0,15.6,4.2,280.0,21.0,2
89990,15,0,1,3,14.0,4.284883720930233,718.0915697674419,83.89825581395348,2
86990,5,1,3,2,13.3,4.7,8865.0,795.0,2
47039,11,1,1,0,15.6,4.3,1603.0,184.0,2
56049,9,1,1,0,15.6,4.2,247.0,21.0,2
64990,0,0,1,1,15.6,4.3,652.0,85.0,2
64990,11,1,1,0,15.6,4.5,327.0,51.0,2
35990,3,1,0,0,15.6,4.3,107.0,11.0,1
38290,1,1,1,0,14.0,3.9,37.0,1.0,1
399990,20,9,0,4,17.0,4.284883720930233,718.0915697674419,83.89825581395348,2
17990,6,10,6,4,15.6,3.7,1671.0,226.0,0
15990,6,10,6,4,11.6,4.0,1853.0,287.0,0
62990,0,0,0,0,15.6,4.5,14.0,1.0,2
42990,12,1,1,0,14.0,3.6,5.0,0.0,1
138990,21,4,0,3,17.3,4.284883720930233,718.0915697674419,83.89825581395348,2
54990,11,0,1,0,16.0,4.9,7.0,0.0,2
37500,1,1,1,1,15.6,4.4,53.0,3.0,1
30990,3,6,1,2,14.0,4.3,4379.0,580.0,1
50990,11,1,4,0,14.0,4.0,57.0,10.0,2
79990,0,11,1,0,14.0,4.8,19.0,1.0,2
36890,7,1,1,2,14.0,4.284883720930233,718.0915697674419,83.89825581395348,1
22900,22,2,1,2,14.0,4.1,694.0,67.0,0
33751,8,1,1,0,15.6,4.2,778.0,78.0,1
116250,13,0,1,0,15.6,4.284883720930233,718.0915697674419,83.89825581395348,2
50990,12,1,1,0,15.6,4.5,23.0,5.0,2
45990,2,1,1,0,15.6,4.2,564.0,55.0,2
90400,13,0,0,3,17.3,4.284883720930233,718.0915697674419,83.89825581395348,2
91990,15,0,0,0,14.0,4.284883720930233,718.0915697674419,83.89825581395348,2
62499,9,1,1,0,14.0,4.3,142.0,11.0,2
76999,9,12,0,0,15.6,4.5,97.0,10.0,2
51990,0,1,0,0,15.6,4.3,146.0,14.0,2
32990,4,1,1,0,15.6,4.0,947.0,100.0,1
45990,1,1,1,0,15.6,4.5,624.0,90.0,2
88499,10,0,1,3,16.1,5.0,3.0,1.0,2
65990,13,0,1,0,15.6,4.5,715.0,112.0,2
85990,9,0,1,0,15.6,4.7,62.0,17.0,2
62990,0,0,0,0,15.6,4.5,14.0,1.0,2
104990,15,11,0,0,13.3,4.284883720930233,718.0915697674419,83.89825581395348,2
139990,18,7,3,0,13.6,4.3,32.0,1.0,2
113490,18,7,3,2,13.6,4.8,45.0,5.0,2
37500,1,1,1,1,15.6,4.4,53.0,3.0,1
113990,18,7,3,2,13.6,4.7,50.0,3.0,2
74990,9,0,1,0,14.0,4.5,1266.0,172.0,2
89990,13,0,1,0,15.6,4.5,174.0,22.0,2
36890,7,1,1,2,14.0,4.284883720930233,718.0915697674419,83.89825581395348,1
41990,1,1,1,0,14.0,4.2,3572.0,327.0,1
63990,0,6,1,0,14.0,4.6,25.0,1.0,2
86990,9,11,0,0,13.4,4.7,6.0,1.0,2
61990,11,0,1,0,14.0,5.0,3.0,1.0,2
88990,13,0,1,0,17.3,4.7,13.0,1.0,2
249990,21,9,0,3,17.3,4.284883720930233,718.0915697674419,83.89825581395348,2
129990,13,4,1,3,15.6,4.284883720930233,718.0915697674419,83.89825581395348,2
294990,19,9,1,4,17.3,4.284883720930233,718.0915697674419,83.89825581395348,2
61990,13,0,1,0,15.6,4.4,1087.0,131.0,2
76990,13,1,1,0,15.6,4.5,374.0,46.0,2
104990,5,0,3,2,13.3,4.7,719.0,83.0,2
78990,0,0,1,0,15.6,4.4,41.0,3.0,2
63990,0,1,1,0,15.6,4.1,187.0,16.0,2
107990,15,4,1,0,14.0,4.284883720930233,718.0915697674419,83.89825581395348,2
76999,9,12,0,0,15.6,4.5,97.0,10.0,2
62990,0,0,0,0,15.6,4.5,14.0,1.0,2
68990,9,0,1,0,15.6,4.6,11.0,1.0,2
57990,9,1,1,0,15.6,4.3,3065.0,354.0,2
95990,15,4,1,3,15.6,4.5,136.0,16.0,2
37500,1,1,1,1,15.6,4.4,53.0,3.0,1
52990,0,1,1,0,15.6,4.2,280.0,21.0,2
105990,15,0,1,0,16.0,4.284883720930233,718.0915697674419,83.89825581395348,2
82990,9,0,0,0,15.6,4.284883720930233,718.0915697674419,83.89825581395348,2
36890,7,1,1,2,14.0,4.284883720930233,718.0915697674419,83.89825581395348,1
78990,0,0,1,0,15.6,4.4,41.0,3.0,2
59990,0,1,4,0,14.0,4.4,7200.0,967.0,2
61400,9,0,1,0,14.0,4.2,1346.0,124.0,2
37990,2,6,1,0,14.0,4.2,713.0,103.0,1
77070,9,0,1,0,14.0,4.4,27.0,3.0,2
56990,9,1,0,0,14.0,4.3,18.0,1.0,2
56990,11,0,1,0,15.6,4.4,5533.0,674.0,2
42490,1,1,0,1,15.6,4.2,440.0,40.0,1
95990,10,0,4,5,15.6,4.5,473.0,71.0,2
44290,1,1,1,0,15.6,3.1,15.0,3.0,1
63550,11,0,1,0,14.0,4.4,218.0,19.0,2
119990,19,0,1,3,15.6,4.4,29.0,8.0,2
129990,5,0,3,0,13.3,4.7,719.0,83.0,2
161990,23,4,1,3,15.6,3.8,5.0,1.0,2
47990,0,11,1,0,15.6,4.5,6.0,1.0,2
38500,1,1,1,0,15.6,4.3,453.0,38.0,1
73990,11,0,4,0,15.6,4.5,52.0,9.0,2
307990,24,13,3,3,16.2,4.3,13.0,5.0,2
45990,12,1,0,0,15.6,3.9,16.0,0.0,2
52890,0,0,0,0,15.6,4.5,14.0,1.0,2
27990,6,1,1,2,15.6,4.0,108.0,11.0,0
62050,0,1,4,0,15.6,4.4,2547.0,319.0,2
52990,10,11,1,0,15.6,4.3,26.0,6.0,2
38699,1,1,1,0,15.6,4.3,4658.0,449.0,1
44290,1,1,1,0,15.6,3.1,15.0,3.0,1
57990,9,1,1,0,15.6,4.3,3065.0,354.0,2
65990,13,0,1,0,15.6,4.5,715.0,112.0,2
52990,0,1,1,0,15.6,4.2,280.0,21.0,2
58490,9,0,0,0,15.6,4.284883720930233,718.0915697674419,83.89825581395348,2
56990,9,1,0,0,14.0,4.5,18.0,1.0,2
41190,8,1,1,0,15.6,4.3,78.0,3.0,1
56049,9,1,1,0,15.6,4.2,247.0,21.0,2
57990,9,1,1,0,15.6,3.9,30.0,2.0,2
85990,15,1,1,0,15.6,4.3,61.0,7.0,2
55990,0,1,0,0,15.6,4.3,2648.0,228.0,2
47039,11,1,1,0,15.6,4.3,1603.0,184.0,2
44990,1,6,1,2,14.0,4.4,144.0,13.0,1
32000,16,1,1,2,15.6,4.1,329.0,32.0,1
89990,9,3,0,0,14.0,4.0,24.0,5.0,2
38500,1,1,1,0,15.6,4.3,453.0,38.0,1
88900,15,0,1,3,15.6,4.0,24.0,2.0,2
41990,1,1,1,0,15.6,4.3,348.0,47.0,1
89990,13,0,1,0,15.6,4.284883720930233,718.0915697674419,83.89825581395348,2
52890,0,0,0,0,15.6,4.5,14.0,1.0,2
44490,1,1,4,0,14.0,4.3,222.0,28.0,1
47990,11,1,1,0,15.6,4.6,8.0,0.0,2
72990,15,0,0,0,15.6,4.2,6.0,0.0,2
38699,1,1,1,0,15.6,4.3,4658.0,449.0,1
44990,1,6,1,2,14.0,4.4,144.0,13.0,1
65990,2,1,1,3,15.6,4.5,121.0,7.0,2
59990,0,1,4,0,14.0,4.4,7200.0,967.0,2
52990,0,1,1,0,15.6,4.2,280.0,21.0,2
56990,11,0,1,0,15.6,4.5,758.0,80.0,2
34690,1,1,5,0,14.0,4.0,66.0,2.0,1
213894,25,14,3,3,14.2,4.8,119.0,14.0,2
56049,9,1,1,0,15.6,4.2,247.0,21.0,2
35990,3,1,1,0,15.6,4.1,193.0,17.0,1
50499,11,0,1,0,14.0,4.2,225.0,18.0,2
170990,15,4,1,3,17.3,4.284883720930233,718.0915697674419,83.89825581395348,2
47039,11,1,1,0,15.6,4.3,1603.0,184.0,2
40990,0,1,1,0,15.6,4.0,168.0,8.0,1
78190,9,4,1,0,13.3,4.5,8.0,0.0,2
43490,7,1,1,0,15.6,4.4,9.0,1.0,1
62990,0,0,0,0,15.6,4.5,14.0,1.0,2
50499,11,0,1,0,14.0,4.2,225.0,18.0,2
49990,0,1,1,0,15.6,4.2,157.0,16.0,2
199900,26,14,3,0,14.0,4.284883720930233,718.0915697674419,83.89825581395348,2
37500,1,1,1,1,15.6,4.4,53.0,3.0,1
34690,1,1,5,0,14.0,4.0,66.0,2.0,1
99990,13,4,1,0,15.6,5.0,3.0,0.0,2
36990,17,1,1,2,14.0,3.8,5.0,1.0,1
36890,7,1,1,2,14.0,4.284883720930233,718.0915697674419,83.89825581395348,1
224990,13,9,1,4,16.0,4.284883720930233,718.0915697674419,83.89825581395348,2
56990,11,0,1,0,15.6,4.5,758.0,80.0,2
121990,18,7,3,2,13.3,4.7,22.0,1.0,2
87990,13,1,1,0,15.6,4.5,1224.0,158.0,2
42900,17,1,1,0,15.6,4.2,673.0,76.0,1
88490,13,0,1,0,15.6,5.0,7.0,1.0,2
46990,12,1,1,0,14.0,4.2,12.0,2.0,2
89990,9,3,1,0,15.6,4.4,80.0,12.0,2
140990,15,0,1,3,15.6,4.0,5.0,0.0,2
106490,5,0,3,2,13.3,4.7,719.0,83.0,2
25990,6,10,7,2,14.0,4.2,24.0,4.0,0
89990,9,3,1,0,15.6,4.4,80.0,12.0,2
89990,9,3,1,0,15.6,4.4,80.0,12.0,2
140990,15,0,1,3,15.6,4.0,5.0,0.0,2
106490,5,0,3,2,13.3,4.7,719.0,83.0,2
38500,1,1,1,0,15.6,4.3,453.0,38.0,1
79990,9,12,1,0,15.6,4.1,35.0,5.0,2
89990,15,15,0,0,13.3,4.284883720930233,718.0915697674419,83.89825581395348,2
72990,0,0,1,0,15.6,4.1,187.0,16.0,2
52890,0,0,0,0,15.6,4.5,14.0,1.0,2
63550,11,0,1,0,14.0,4.4,218.0,19.0,2
76519,9,1,1,0,14.0,4.5,4.0,1.0,2
34990,8,1,0,0,15.6,4.4,405.0,48.0,1
38699,1,1,1,0,15.6,4.3,4658.0,449.0,1
38029,8,1,1,2,15.6,4.2,435.0,56.0,1
104990,5,1,3,0,13.3,4.7,8865.0,795.0,2
25990,6,10,7,0,14.0,4.2,24.0,4.0,0
52990,0,1,1,0,15.6,4.2,280.0,21.0,2
23990,27,2,4,6,15.6,3.7,3191.0,410.0,0
31990,1,1,1,2,15.6,4.4,385.0,34.0,1
49890,0,0,1,0,15.6,4.2,17.0,3.0,2
56049,9,1,1,0,15.6,4.2,247.0,21.0,2
74990,9,1,1,0,14.0,4.2,10.0,1.0,2
60290,0,1,1,0,15.6,4.3,43.0,4.0,2
126990,5,0,3,0,13.3,4.7,719.0,83.0,2
47039,11,1,1,0,15.6,4.3,1603.0,184.0,2
60990,2,1,1,0,15.6,4.5,5145.0,564.0,2
155490,15,4,1,3,16.1,4.284883720930233,718.0915697674419,83.89825581395348,2
64990,0,1,1,1,15.6,4.4,395.0,43.0,2
38500,1,1,1,0,15.6,4.3,453.0,38.0,1
41490,7,1,1,0,14.0,4.4,43.0,3.0,1
77990,9,4,0,0,15.6,4.5,97.0,10.0,2
94500,15,4,1,0,15.6,4.4,41.0,6.0,2
52890,0,0,0,0,15.6,4.5,14.0,1.0,2
154990,23,0,8,3,15.6,4.6,265.0,56.0,2
168990,15,4,1,0,15.6,4.284883720930233,718.0915697674419,83.89825581395348,2
63890,9,1,1,0,15.6,4.284883720930233,718.0915697674419,83.89825581395348,2
38699,1,1,1,0,15.6,4.3,4658.0,449.0,1
74990,9,0,1,0,15.6,4.0,90.0,11.0,2
65990,11,1,1,3,15.6,4.5,258.0,29.0,2
23990,27,2,4,6,15.6,3.7,3191.0,410.0,0
52990,0,1,1,0,15.6,4.2,280.0,21.0,2
114990,5,1,3,2,13.3,4.7,784.0,87.0,2
63990,11,0,0,0,15.6,4.5,313.0,31.0,2
80990,9,0,1,0,15.6,4.6,21.0,3.0,2
56049,9,1,1,0,15.6,4.2,247.0,21.0,2
97990,15,0,1,3,14.0,4.284883720930233,718.0915697674419,83.89825581395348,2
39490,1,1,1,2,15.6,4.4,80.0,11.0,1
281990,19,9,1,3,15.6,5.0,4.0,0.0,2
47039,11,1,1,0,15.6,4.3,1603.0,184.0,2
31561,3,2,0,2,14.0,3.9,13.0,0.0,1
48990,2,0,1,0,14.0,3.7,13.0,3.0,2
36990,1,1,0,2,15.6,4.284883720930233,718.0915697674419,83.89825581395348,1
62990,0,0,0,0,15.6,4.5,14.0,1.0,2
66190,9,1,1,0,16.0,4.284883720930233,718.0915697674419,83.89825581395348,2
54990,17,1,4,6,15.6,4.2,15492.0,2054.0,2
243990,25,14,3,3,16.2,4.8,119.0,14.0,2
37500,1,1,1,1,15.6,4.4,53.0,3.0,1
41890,8,1,1,0,15.6,4.2,26.0,2.0,1
104990,10,11,1,0,13.3,4.284883720930233,718.0915697674419,83.89825581395348,2
42990,1,1,1,2,15.6,4.4,1443.0,248.0,1
36890,7,1,1,2,14.0,4.284883720930233,718.0915697674419,83.89825581395348,1
104990,15,0,1,0,15.6,4.6,14.0,1.0,2
86490,28,0,4,0,15.6,4.5,148.0,19.0,2
129990,29,0,1,3,15.6,4.8,41.0,8.0,2
52890,0,1,0,0,15.6,3.8,5.0,1.0,2
71990,13,1,1,0,16.1,4.284883720930233,718.0915697674419,83.89825581395348,2
191990,23,9,1,3,14.0,4.284883720930233,718.0915697674419,83.89825581395348,2
146990,13,0,1,3,15.6,5.0,6.0,0.0,2
109990,15,0,0,3,15.6,4.284883720930233,718.0915697674419,83.89825581395348,2
77990,11,1,1,0,16.1,4.8,4.0,0.0,2
31490,8,2,4,6,15.6,3.6,84.0,16.0,1
39990,11,1,0,0,15.6,4.284883720930233,718.0915697674419,83.89825581395348,1
61500,11,6,4,0,14.0,4.5,29.0,6.0,2
57990,9,1,0,0,15.6,4.284883720930233,718.0915697674419,83.89825581395348,2
131990,18,14,3,2,13.6,4.284883720930233,718.0915697674419,83.89825581395348,2
90390,30,0,0,3,15.6,4.284883720930233,718.0915697674419,83.89825581395348,2
62990,0,0,0,0,15.6,4.5,14.0,1.0,2
228928,19,9,1,3,15.6,4.6,10.0,0.0,2
345390,31,16,4,3,15.6,4.6,10.0,3.0,2
62990,2,1,4,0,14.0,3.8,17.0,3.0,2
37500,1,1,1,1,15.6,4.4,53.0,3.0,1
174990,23,4,0,3,15.6,4.284883720930233,718.0915697674419,83.89825581395348,2
61690,9,1,1,0,15.6,4.284883720930233,718.0915697674419,83.89825581395348,2
79990,9,0,1,0,15.6,4.284883720930233,718.0915697674419,83.89825581395348,2
36890,7,1,1,2,14.0,4.284883720930233,718.0915697674419,83.89825581395348,1
75990,11,0,0,5,15.6,4.3,222.0,25.0,2
129989,13,0,1,3,16.0,4.7,32.0,5.0,2
139990,18,7,3,0,13.6,5.0,8.0,2.0,2
68990,0,0,1,0,14.0,4.4,288.0,23.0,2
177990,23,0,1,3,15.6,4.284883720930233,718.0915697674419,83.89825581395348,2
62490,9,0,1,0,15.6,4.1,87.0,11.0,2
109990,5,1,3,0,13.3,4.6,1149.0,126.0,2
61990,9,6,1,2,15.6,4.6,82.0,13.0,2
60990,0,1,1,1,15.6,4.1,31.0,2.0,2
70990,13,1,1,0,15.6,4.284883720930233,718.0915697674419,83.89825581395348,2
110000,13,0,1,3,16.1,3.8,5.0,1.0,2
76990,13,1,4,0,15.6,4.5,193.0,18.0,2
33990,1,6,1,0,15.6,4.2,197.0,43.0,1
31990,1,1,1,2,15.6,4.4,385.0,34.0,1
299999,19,9,1,4,17.3,4.284883720930233,718.0915697674419,83.89825581395348,2
62990,0,0,0,0,15.6,4.5,14.0,1.0,2
109990,5,1,3,0,13.3,4.7,8865.0,795.0,2
129990,23,0,4,3,15.6,4.4,193.0,39.0,2
51532,9,3,0,0,15.6,4.0,32.0,14.0,2
37500,1,1,1,1,15.6,4.4,53.0,3.0,1
144100,10,0,4,3,15.6,4.4,136.0,23.0,2
63500,9,1,1,0,14.0,4.284883720930233,718.0915697674419,83.89825581395348,2
20990,32,5,1,7,14.0,4.2,884.0,151.0,0
36890,7,1,1,2,14.0,4.284883720930233,718.0915697674419,83.89825581395348,1
124990,9,3,0,0,14.5,4.284883720930233,718.0915697674419,83.89825581395348,2
72990,9,1,1,0,15.6,4.284883720930233,718.0915697674419,83.89825581395348,2
189990,13,9,1,3,16.0,4.284883720930233,718.0915697674419,83.89825581395348,2
65999,0,1,1,0,15.6,4.6,13.0,1.0,2
28500,27,1,1,2,14.1,4.284883720930233,718.0915697674419,83.89825581395348,0
129990,10,0,4,3,15.6,4.6,113.0,27.0,2
19990,6,10,2,8,15.6,3.7,288.0,26.0,0
67990,9,1,1,0,15.6,4.3,496.0,41.0,2
64590,11,1,4,0,17.3,4.5,533.0,93.0,2
115300,13,0,4,1,15.6,4.4,497.0,69.0,2
61990,9,0,1,0,15.6,4.3,3065.0,354.0,2
26490,16,2,1,2,14.0,4.2,19.0,2.0,0
114990,10,0,4,3,15.6,4.5,153.0,25.0,2
114990,15,4,1,3,17.3,3.9,12.0,0.0,2
59990,11,1,1,0,16.0,4.7,7.0,2.0,2
38500,1,1,1,0,15.6,4.3,453.0,38.0,1
63590,11,0,1,0,16.0,4.284883720930233,718.0915697674419,83.89825581395348,2
199999,15,9,1,3,17.3,4.284883720930233,718.0915697674419,83.89825581395348,2
300490,15,9,1,3,17.3,4.284883720930233,718.0915697674419,83.89825581395348,2
52890,0,0,0,0,15.6,4.5,14.0,1.0,2
40990,1,1,1,0,14.0,4.3,389.0,44.0,1
109990,5,1,3,0,13.3,4.6,1149.0,126.0,2
72990,11,1,1,0,15.6,4.284883720930233,718.0915697674419,83.89825581395348,2
38699,1,1,1,0,15.6,4.3,4658.0,449.0,1
64590,11,1,4,0,17.3,4.5,533.0,93.0,2
115300,13,0,4,1,15.6,4.4,497.0,69.0,2
46040,1,1,4,1,14.0,4.1,68.0,6.0,2
52990,0,1,1,0,15.6,4.2,280.0,21.0,2
55990,33,1,0,0,15.6,4.6,10.0,1.0,2
24999,6,1,1,2,14.0,3.7,65.0,7.0,0
76990,13,1,1,3,17.3,4.5,17.0,4.0,2
56049,9,1,1,0,15.6,4.2,247.0,21.0,2
71590,13,0,1,0,16.0,4.284883720930233,718.0915697674419,83.89825581395348,2
59999,11,1,1,0,14.0,4.284883720930233,718.0915697674419,83.89825581395348,2
323990,34,16,1,3,17.3,4.284883720930233,718.0915697674419,83.89825581395348,2
47039,11,1,1,0,15.6,4.3,1603.0,184.0,2
40390,7,1,1,0,14.0,4.3,2025.0,257.0,1
20990,32,5,1,7,14.0,4.2,884.0,151.0,0
61990,11,1,1,0,15.6,4.5,99.0,13.0,2
62990,0,0,0,0,15.6,4.5,14.0,1.0,2
68400,9,0,1,0,15.6,4.0,5.0,1.0,2
88990,9,12,1,0,14.0,4.284883720930233,718.0915697674419,83.89825581395348,2
159990,13,4,1,3,16.0,4.284883720930233,718.0915697674419,83.89825581395348,2
37500,1,1,1,1,15.6,4.4,53.0,3.0,1
39490,8,1,1,0,15.6,4.0,29.0,2.0,1
150990,18,14,3,0,13.6,4.284883720930233,718.0915697674419,83.89825581395348,2
241990,25,14,3,3,16.2,4.8,119.0,14.0,2
36890,7,1,1,2,14.0,4.284883720930233,718.0915697674419,83.89825581395348,1
56749,12,12,0,2,14.0,4.284883720930233,718.0915697674419,83.89825581395348,2
247990,13,3,1,3,13.4,4.284883720930233,718.0915697674419,83.89825581395348,2
181990,19,3,1,3,13.4,4.284883720930233,718.0915697674419,83.89825581395348,2
114990,15,11,0,3,13.3,3.8,6.0,1.0,2
146990,23,4,0,3,15.6,4.284883720930233,718.0915697674419,83.89825581395348,2
149990,15,0,1,3,15.6,4.284883720930233,718.0915697674419,83.89825581395348,2
51532,9,3,0,0,15.6,4.0,32.0,14.0,2
52490,11,1,1,0,15.6,4.1,23.0,4.0,2
244990,15,4,1,3,15.6,4.284883720930233,718.0915697674419,83.89825581395348,2
131990,18,14,3,2,13.6,4.284883720930233,718.0915697674419,83.89825581395348,2
77990,9,4,0,0,15.6,4.5,97.0,10.0,2
139990,10,0,8,3,16.0,4.3,8.0,0.0,2
59990,0,1,4,0,15.6,4.4,263.0,22.0,2
84990,11,12,1,3,15.6,4.284883720930233,718.0915697674419,83.89825581395348,2
70900,0,11,1,0,14.0,4.7,3.0,0.0,2
62990,0,0,0,0,15.6,4.5,14.0,1.0,2
35699,1,1,1,2,15.6,4.0,5.0,0.0,1
84990,15,0,1,0,14.0,3.9,45.0,9.0,2
128000,15,4,1,3,16.1,4.284883720930233,718.0915697674419,83.89825581395348,2
37500,1,1,1,1,15.6,4.4,53.0,3.0,1
43500,1,1,1,0,15.6,3.9,93.0,10.0,1
58226,0,0,8,0,15.6,4.284883720930233,718.0915697674419,83.89825581395348,2
103490,10,0,1,0,15.6,4.284883720930233,718.0915697674419,83.89825581395348,2
36890,7,1,1,2,14.0,4.284883720930233,718.0915697674419,83.89825581395348,1
60990,0,6,1,0,13.3,4.4,72.0,9.0,2
150450,15,3,1,0,13.4,4.284883720930233,718.0915697674419,83.89825581395348,2
39990,1,1,1,0,15.6,4.1,48.0,2.0,1
139999,34,0,1,3,15.6,5.0,7.0,1.0,2
156490,15,4,1,3,15.6,5.0,4.0,0.0,2
78990,13,1,1,0,15.6,4.284883720930233,718.0915697674419,83.89825581395348,2
16490,6,2,1,7,14.1,3.8,689.0,92.0,0
171990,13,4,1,3,16.0,4.284883720930233,718.0915697674419,83.89825581395348,2
250000,28,0,4,3,15.6,4.0,5.0,2.0,2
151990,19,4,1,3,15.6,4.284883720930233,718.0915697674419,83.89825581395348,2
57990,0,1,1,0,15.6,3.7,10.0,0.0,2
71990,11,1,4,0,14.96,4.284883720930233,718.0915697674419,83.89825581395348,2
80990,13,0,1,0,15.6,4.284883720930233,718.0915697674419,83.89825581395348,2
46990,35,0,1,0,14.0,4.2,1232.0,119.0,2
73990,9,1,1,0,14.0,4.284883720930233,718.0915697674419,83.89825581395348,2
62990,0,0,0,0,15.6,4.5,14.0,1.0,2
88990,11,4,1,0,15.6,3.6,11.0,0.0,2
145499,15,11,1,0,16.0,3.7,3.0,0.0,2
33990,1,6,1,0,15.6,4.2,197.0,43.0,1
37500,1,1,1,1,15.6,4.4,53.0,3.0,1
275990,15,9,1,3,15.6,4.284883720930233,718.0915697674419,83.89825581395348,2
39990,1,1,4,0,15.6,4.4,44.0,1.0,1
58800,36,17,4,2,13.3,4.3,6.0,3.0,2
36890,7,1,1,2,14.0,4.284883720930233,718.0915697674419,83.89825581395348,1
101490,10,0,4,3,15.6,4.5,499.0,63.0,2
219894,25,14,3,3,14.2,4.8,119.0,14.0,2
69990,11,1,1,0,15.6,4.7,3.0,0.0,2
41990,1,1,8,6,15.6,3.6,25.0,4.0,1
57990,13,1,4,0,14.0,4.3,74.0,7.0,2
162990,13,4,1,3,15.6,4.284883720930233,718.0915697674419,83.89825581395348,2
89990,15,4,0,3,15.6,4.284883720930233,718.0915697674419,83.89825581395348,2
72790,11,1,4,0,15.6,4.6,213.0,36.0,2
60130,0,1,4,1,15.6,4.1,85.0,5.0,2
74990,37,0,4,0,15.6,4.6,893.0,173.0,2
157990,13,4,1,3,15.6,4.0,4.0,0.0,2
284990,13,8,1,3,13.4,4.284883720930233,718.0915697674419,83.89825581395348,2
59490,10,0,0,0,15.6,4.6,5.0,0.0,2
58490,0,1,0,0,15.6,4.0,3.0,2.0,2
254990,23,4,0,3,15.6,4.284883720930233,718.0915697674419,83.89825581395348,2
62990,0,0,0,0,15.6,4.5,14.0,1.0,2
218290,13,4,0,3,16.0,4.284883720930233,718.0915697674419,83.89825581395348,2
29990,3,2,4,2,14.0,4.284883720930233,718.0915697674419,83.89825581395348,0
98060,13,0,1,3,13.3,4.284883720930233,718.0915697674419,83.89825581395348,2
37500,1,1,1,1,15.6,4.4,53.0,3.0,1
87390,28,1,4,1,15.6,4.3,273.0,41.0,2
171990,15,4,1,3,16.1,4.284883720930233,718.0915697674419,83.89825581395348,2
214790,28,0,4,3,15.6,4.1,13.0,4.0,2
36890,7,1,1,2,14.0,4.284883720930233,718.0915697674419,83.89825581395348,1
199990,28,0,4,0,15.6,4.9,12.0,0.0,2
85490,9,0,0,0,14.0,4.284883720930233,718.0915697674419,83.89825581395348,2
61990,0,1,7,2,14.0,4.7,3.0,0.0,2
249900,26,14,3,3,14.0,4.284883720930233,718.0915697674419,83.89825581395348,2
59990,28,1,4,0,14.0,4.2,569.0,59.0,2
204000,13,9,1,4,16.0,4.284883720930233,718.0915697674419,83.89825581395348,2
61890,0,1,1,0,15.6,4.284883720930233,718.0915697674419,83.89825581395348,2
229990,15,8,1,4,16.0,4.284883720930233,718.0915697674419,83.89825581395348,2
399990,19,9,1,9,17.3,4.284883720930233,718.0915697674419,83.89825581395348,2
74990,9,1,1,0,14.0,4.284883720930233,718.0915697674419,83.89825581395348,2
132765,15,4,1,3,16.1,4.284883720930233,718.0915697674419,83.89825581395348,2
46990,0,1,4,6,14.0,3.7,337.0,35.0,2
174990,23,0,1,3,15.6,4.284883720930233,718.0915697674419,83.89825581395348,2
42690,1,1,1,2,14.96,4.4,171.0,18.0,1
59990,17,1,4,0,15.6,4.4,2208.0,248.0,2
62990,0,0,0,0,15.6,4.5,14.0,1.0,2
222990,25,14,3,0,16.2,4.8,119.0,14.0,2
42990,12,1,0,0,15.6,3.8,5.0,2.0,1
156090,28,16,4,5,15.6,4.4,316.0,53.0,2
37500,1,1,1,1,15.6,4.4,53.0,3.0,1
69890,2,1,4,0,15.6,4.3,333.0,29.0,2
63990,13,0,1,0,15.6,4.6,58.0,7.0,2
108990,15,4,1,0,15.6,4.0,12.0,4.0,2
36890,7,1,1,2,14.0,4.284883720930233,718.0915697674419,83.89825581395348,1
304980,19,3,1,3,13.4,4.284883720930233,718.0915697674419,83.89825581395348,2
84790,13,0,1,0,14.0,4.284883720930233,718.0915697674419,83.89825581395348,2
131990,18,14,3,2,13.6,4.284883720930233,718.0915697674419,83.89825581395348,2
58500,11,1,4,0,15.6,4.4,2239.0,299.0,2
33200,8,1,1,0,15.6,4.1,264.0,31.0,1
41890,7,1,1,0,15.6,3.9,8.0,0.0,1
210990,23,4,1,3,17.3,4.284883720930233,718.0915697674419,83.89825581395348,2
176490,15,4,1,0,14.0,4.284883720930233,718.0915697674419,83.89825581395348,2
35990,3,2,1,2,14.0,4.2,66.0,8.0,1
130990,15,11,1,0,13.5,4.284883720930233,718.0915697674419,83.89825581395348,2
71990,11,1,1,0,15.6,4.6,110.0,22.0,2
105990,13,4,1,3,15.6,4.5,90.0,18.0,2
58900,0,1,4,0,15.6,4.1,45.0,10.0,2
210990,34,0,4,3,16.0,4.7,3.0,0.0,2
65990,38,0,1,0,15.6,4.0,4.0,1.0,2
38500,1,1,1,0,15.6,4.3,453.0,38.0,1
150490,28,0,4,4,15.6,4.7,21.0,5.0,2
42490,3,2,1,1,14.0,4.2,50.0,4.0,1
131990,18,7,3,0,13.6,4.284883720930233,718.0915697674419,83.89825581395348,2
38699,1,1,1,0,15.6,4.3,4658.0,449.0,1
52890,0,0,0,0,15.6,4.5,14.0,1.0,2
18990,6,10,7,0,11.6,3.6,387.0,51.0,0
78190,0,6,4,3,13.3,4.5,22.0,3.0,2
52990,0,1,1,0,15.6,4.2,280.0,21.0,2
329990,15,3,1,3,17.3,4.284883720930233,718.0915697674419,83.89825581395348,2
34990,8,1,0,0,15.6,4.4,405.0,48.0,1
119990,34,0,1,3,15.6,4.4,57.0,7.0,2
56049,9,1,1,0,15.6,4.2,247.0,21.0,2
70430,0,1,1,0,15.6,4.284883720930233,718.0915697674419,83.89825581395348,2
69290,2,1,2,6,14.0,4.284883720930233,718.0915697674419,83.89825581395348,2
18990,6,2,1,6,11.6,4.0,20.0,1.0,0
47039,11,1,1,0,15.6,4.3,1603.0,184.0,2
249900,26,14,3,3,14.0,4.284883720930233,718.0915697674419,83.89825581395348,2
39490,1,1,1,2,15.6,4.0,5.0,0.0,1
64990,9,1,1,0,15.6,4.3,302.0,36.0,2
38290,1,1,1,0,14.0,3.9,37.0,1.0,1
84990,9,0,0,0,15.6,4.284883720930233,718.0915697674419,83.89825581395348,2
30990,3,6,1,2,14.0,4.3,4379.0,580.0,1
163990,39,17,3,0,13.3,4.2,107.0,13.0,2
38500,1,1,1,0,15.6,4.3,453.0,38.0,1
41999,6,2,1,2,14.0,4.5,24.0,6.0,1
55990,11,1,4,0,15.6,4.4,61.0,7.0,2
54890,2,1,4,10,15.6,4.284883720930233,718.0915697674419,83.89825581395348,2
52890,0,0,0,0,15.6,4.5,14.0,1.0,2
114990,9,4,0,0,13.4,4.284883720930233,718.0915697674419,83.89825581395348,2
88890,13,0,1,0,14.0,4.5,14.0,2.0,2
54990,40,0,0,0,16.0,4.284883720930233,718.0915697674419,83.89825581395348,2
38699,1,1,1,0,15.6,4.3,4658.0,449.0,1
40690,1,1,4,2,14.0,4.1,9.0,1.0,1
24290,6,2,1,7,11.6,4.1,197.0,18.0,0
111500,13,4,1,0,16.1,4.284883720930233,718.0915697674419,83.89825581395348,2
52990,0,1,1,0,15.6,4.2,280.0,21.0,2
74990,9,0,0,0,15.6,4.0,4.0,0.0,2
54990,41,0,0,0,16.0,4.284883720930233,718.0915697674419,83.89825581395348,2
131990,18,7,3,0,13.6,4.284883720930233,718.0915697674419,83.89825581395348,2
56049,9,1,1,0,15.6,4.2,247.0,21.0,2
209990,15,9,1,3,14.0,4.284883720930233,718.0915697674419,83.89825581395348,2
37990,2,6,1,0,14.0,4.2,713.0,103.0,1
158990,13,4,0,3,15.6,4.284883720930233,718.0915697674419,83.89825581395348,2
47039,11,1,1,0,15.6,4.3,1603.0,184.0,2
37890,3,1,8,2,14.0,5.0,4.0,0.0,1
92990,9,4,0,0,15.6,4.284883720930233,718.0915697674419,83.89825581395348,2
233990,28,18,4,4,14.0,4.284883720930233,718.0915697674419,83.89825581395348,2
38500,1,1,1,0,15.6,4.3,453.0,38.0,1
127490,15,4,1,0,15.6,3.8,12.0,6.0,2
193990,15,0,1,3,15.6,4.284883720930233,718.0915697674419,83.89825581395348,2
129999,36,1,4,11,15.6,4.5,3221.0,691.0,2
52890,0,0,0,0,15.6,4.5,14.0,1.0,2
78061,11,1,1,0,14.0,4.284883720930233,718.0915697674419,83.89825581395348,2
98246,42,0,4,0,14.0,4.284883720930233,718.0915697674419,83.89825581395348,2
157990,13,4,1,3,15.6,4.284883720930233,718.0915697674419,83.89825581395348,2
38699,1,1,1,0,15.6,4.3,4658.0,449.0,1
185790,43,0,4,0,15.6,4.8,5.0,1.0,2
41290,1,1,4,2,14.96,4.2,534.0,59.0,1
38690,8,1,1,2,15.6,4.7,6.0,0.0,1
52990,0,1,1,0,15.6,4.2,280.0,21.0,2
71990,0,1,8,0,15.6,4.4,395.0,43.0,2
72490,2,1,1,0,15.6,4.3,29.0,6.0,2
61999,9,1,1,0,15.6,3.7,3.0,0.0,2
56049,9,1,1,0,15.6,4.2,247.0,21.0,2
105990,23,0,8,0,15.6,4.4,87.0,12.0,2
206990,10,0,4,3,15.6,4.284883720930233,718.0915697674419,83.89825581395348,2
119990,15,0,1,3,16.0,4.284883720930233,718.0915697674419,83.89825581395348,2
47039,11,1,1,0,15.6,4.3,1603.0,184.0,2
239990,15,9,1,3,16.0,4.284883720930233,718.0915697674419,83.89825581395348,2
62990,11,1,1,0,15.6,4.3,43.0,7.0,2
189990,13,9,0,3,16.0,4.284883720930233,718.0915697674419,83.89825581395348,2
38500,1,1,1,0,15.6,4.3,453.0,38.0,1
42690,17,1,4,2,15.6,4.0,318.0,28.0,1
73990,0,0,4,0,15.6,4.5,256.0,45.0,2
82990,11,12,1,0,16.1,4.284883720930233,718.0915697674419,83.89825581395348,2
52890,0,0,0,0,15.6,4.5,14.0,1.0,2
59990,12,1,0,0,14.0,4.284883720930233,718.0915697674419,83.89825581395348,2
115990,13,0,0,3,15.6,4.284883720930233,718.0915697674419,83.89825581395348,2
214990,28,16,4,3,15.6,4.284883720930233,718.0915697674419,83.89825581395348,2
38699,1,1,1,0,15.6,4.3,4658.0,449.0,1
93900,13,0,4,0,15.6,4.4,5.0,1.0,2
58499,37,1,4,0,15.6,4.5,4351.0,596.0,2
50983,11,0,1,0,15.6,4.8,10.0,0.0,2
52990,0,1,1,0,15.6,4.2,280.0,21.0,2
219990,19,4,1,3,16.0,4.284883720930233,718.0915697674419,83.89825581395348,2
47090,17,1,4,0,14.0,4.4,17.0,2.0,2
66990,43,19,4,0,13.3,4.3,40.0,4.0,2
56049,9,1,1,0,15.6,4.2,247.0,21.0,2
40200,3,2,4,2,15.6,3.9,50.0,1.0,1
47990,12,1,0,0,14.0,4.3,39.0,9.0,2
59990,13,1,4,0,15.6,5.0,3.0,0.0,2
47039,11,1,1,0,15.6,4.3,1603.0,184.0,2
77070,9,0,0,0,14.0,4.284883720930233,718.0915697674419,83.89825581395348,2
51890,0,1,1,0,15.6,4.2,283.0,17.0,2
61249,2,2,4,6,14.0,4.284883720930233,718.0915697674419,83.89825581395348,2
62990,0,0,0,0,15.6,4.5,14.0,1.0,2
35500,27,2,1,2,15.6,4.1,123.0,18.0,1
107690,13,4,1,0,16.1,4.284883720930233,718.0915697674419,83.89825581395348,2
131990,13,0,1,3,15.6,4.284883720930233,718.0915697674419,83.89825581395348,2
37500,1,1,1,1,15.6,4.4,53.0,3.0,1
28490,8,1,0,0,14.0,4.4,17.0,3.0,0
64990,9,1,1,0,15.6,4.0,123.0,15.0,2
146490,44,1,4,1,15.6,3.0,2.0,1.0,2
36890,7,1,1,2,14.0,4.284883720930233,718.0915697674419,83.89825581395348,1
60090,9,1,0,0,15.6,4.284883720930233,718.0915697674419,83.89825581395348,2
34990,7,1,0,8,15.6,4.284883720930233,718.0915697674419,83.89825581395348,1
40699,1,1,0,0,15.6,4.1,29.0,2.0,1
71999,2,1,0,3,15.6,4.284883720930233,718.0915697674419,83.89825581395348,2
69990,0,1,1,0,14.0,4.8,5.0,0.0,2
62990,0,1,0,0,16.1,4.284883720930233,718.0915697674419,83.89825581395348,2
63090,0,1,4,0,35.0,3.9,89.0,9.0,2
98990,13,0,4,12,15.6,4.5,413.0,63.0,2
107990,13,0,1,3,16.1,4.284883720930233,718.0915697674419,83.89825581395348,2
48999,3,2,8,1,15.6,4.284883720930233,718.0915697674419,83.89825581395348,2
57890,0,1,4,0,15.6,3.9,117.0,15.0,2
88490,9,0,1,0,16.0,4.284883720930233,718.0915697674419,83.89825581395348,2
99850,13,4,1,0,16.1,4.284883720930233,718.0915697674419,83.89825581395348,2
48999,3,2,8,1,15.6,4.284883720930233,718.0915697674419,83.89825581395348,2
40890,1,1,4,2,15.6,4.0,53.0,4.0,1
62990,0,0,0,0,15.6,4.5,14.0,1.0,2
40690,3,1,1,0,15.6,4.0,212.0,30.0,1
170990,15,4,1,3,16.1,4.284883720930233,718.0915697674419,83.89825581395348,2
170990,15,4,1,3,16.1,4.284883720930233,718.0915697674419,83.89825581395348,2
37500,1,1,1,1,15.6,4.4,53.0,3.0,1
71857,0,1,1,0,15.6,4.284883720930233,718.0915697674419,83.89825581395348,2
154990,28,18,4,3,14.0,5.0,3.0,0.0,2
100500,39,1,4,0,15.6,4.284883720930233,718.0915697674419,83.89825581395348,2
36890,7,1,1,2,14.0,4.284883720930233,718.0915697674419,83.89825581395348,1
94075,9,1,0,1,15.6,4.284883720930233,718.0915697674419,83.89825581395348,2
249900,26,14,3,0,16.0,4.284883720930233,718.0915697674419,83.89825581395348,2
79990,2,19,4,0,13.3,4.4,11.0,3.0,2
115999,15,3,0,3,14.0,4.284883720930233,718.0915697674419,83.89825581395348,2
27990,8,2,1,0,15.6,4.2,100.0,14.0,0
98990,45,0,0,0,16.6,4.5,6.0,1.0,2
42990,0,6,1,0,15.6,4.3,47.0,11.0,1
44190,3,1,1,2,14.96,4.3,56.0,5.0,1
79990,0,11,1,0,14.0,5.0,3.0,0.0,2
96990,13,4,0,3,15.6,4.284883720930233,718.0915697674419,83.89825581395348,2
42990,3,1,4,0,14.0,4.1,105.0,10.0,1
234990,28,16,4,3,15.6,4.284883720930233,718.0915697674419,83.89825581395348,2
85990,11,0,0,0,16.1,4.284883720930233,718.0915697674419,83.89825581395348,2
22990,6,10,6,0,15.6,4.0,926.0,150.0,0
107331,15,3,0,0,14.0,4.6,43.0,9.0,2
62990,0,0,0,0,15.6,4.5,14.0,1.0,2
38990,1,2,4,2,15.0,4.3,164.0,14.0,1
37990,8,1,1,0,15.6,4.3,3881.0,400.0,1
150990,23,0,0,3,15.6,4.9,8.0,2.0,2
37500,1,1,1,1,15.6,4.4,53.0,3.0,1
76990,13,1,4,0,15.6,4.4,145.0,21.0,2
79000,11,0,1,0,13.3,4.5,13.0,0.0,2
84198,11,1,1,0,16.1,4.284883720930233,718.0915697674419,83.89825581395348,2
36890,7,1,1,2,14.0,4.284883720930233,718.0915697674419,83.89825581395348,1
42990,7,1,0,0,15.6,4.284883720930233,718.0915697674419,83.89825581395348,1
177900,13,8,1,3,13.4,4.284883720930233,718.0915697674419,83.89825581395348,2
62490,11,1,4,1,15.6,4.5,1763.0,254.0,2
79990,9,0,1,0,14.0,3.9,12.0,1.0,2
151990,23,3,0,3,13.4,4.284883720930233,718.0915697674419,83.89825581395348,2
30990,1,6,1,2,15.6,4.2,126.0,23.0,1
147990,13,3,1,3,13.4,4.284883720930233,718.0915697674419,83.89825581395348,2
37490,1,1,1,2,15.6,4.3,818.0,95.0,1
118990,15,0,1,0,16.0,4.284883720930233,718.0915697674419,83.89825581395348,2
39990,1,1,1,2,14.0,4.3,2959.0,316.0,1
234990,23,20,4,3,13.4,4.284883720930233,718.0915697674419,83.89825581395348,2
171990,13,4,0,3,16.0,4.284883720930233,718.0915697674419,83.89825581395348,2
94990,0,11,1,0,16.1,4.284883720930233,718.0915697674419,83.89825581395348,2
66990,11,1,4,0,15.6,4.4,2511.0,240.0,2
40788,1,1,1,1,15.6,4.1,145.0,9.0,1
62990,0,0,0,0,15.6,4.5,14.0,1.0,2
42500,1,1,0,6,15.6,4.3,7.0,0.0,1
60990,11,1,1,3,15.6,4.284883720930233,718.0915697674419,83.89825581395348,2
58990,2,1,1,0,15.6,4.4,502.0,47.0,2
37500,1,1,1,1,15.6,4.4,53.0,3.0,1
119990,28,0,4,1,15.6,4.5,2052.0,318.0,2
105990,10,0,1,0,15.6,4.284883720930233,718.0915697674419,83.89825581395348,2
184990,21,4,0,3,17.3,4.284883720930233,718.0915697674419,83.89825581395348,2
36890,7,1,1,2,14.0,4.284883720930233,718.0915697674419,83.89825581395348,1
192990,10,16,0,3,16.0,4.284883720930233,718.0915697674419,83.89825581395348,2
38999,8,1,1,2,15.6,4.3,3881.0,400.0,1
135990,10,0,4,3,15.6,4.3,58.0,9.0,2
68490,0,1,1,1,15.6,4.284883720930233,718.0915697674419,83.89825581395348,2
88390,10,0,4,3,14.0,4.5,571.0,73.0,2
113104,15,4,1,0,13.3,3.7,3.0,2.0,2
114990,13,3,1,3,13.4,5.0,3.0,0.0,2
56000,11,1,4,0,15.6,4.4,12223.0,1239.0,2
149990,15,12,0,3,16.0,4.284883720930233,718.0915697674419,83.89825581395348,2
116640,46,0,4,11,15.6,4.284883720930233,718.0915697674419,83.89825581395348,2
102551,36,1,4,11,15.6,4.284883720930233,718.0915697674419,83.89825581395348,2
16990,6,2,1,7,14.1,3.8,689.0,92.0,0
131990,18,7,3,0,13.6,4.284883720930233,718.0915697674419,83.89825581395348,2
44900,7,1,4,0,14.0,4.5,872.0,177.0,1
98990,13,0,1,0,16.1,4.9,11.0,0.0,2
62990,0,0,0,0,15.6,4.5,14.0,1.0,2
50990,0,1,0,0,15.6,4.284883720930233,718.0915697674419,83.89825581395348,2
46990,28,11,1,0,14.0,3.7,114.0,27.0,2
147990,21,4,0,3,17.3,4.284883720930233,718.0915697674419,83.89825581395348,2
37500,1,1,1,1,15.6,4.4,53.0,3.0,1
45890,1,1,0,1,15.0,4.284883720930233,718.0915697674419,83.89825581395348,2
60490,11,1,4,0,15.6,4.5,191.0,20.0,2
69990,11,0,0,0,15.3,4.284883720930233,718.0915697674419,83.89825581395348,2
36890,7,1,1,2,14.0,4.284883720930233,718.0915697674419,83.89825581395348,1
62490,2,1,4,6,14.0,3.9,10.0,0.0,2
20990,4,2,8,2,14.0,4.1,14.0,1.0,0
41990,1,1,1,0,14.0,4.4,2836.0,401.0,1
76490,10,1,4,0,15.6,4.4,1006.0,101.0,2
191990,19,3,1,3,13.4,4.284883720930233,718.0915697674419,83.89825581395348,2
42890,3,1,1,1,15.6,4.2,913.0,107.0,1
49890,17,1,1,0,15.6,3.9,125.0,13.0,2
69490,0,0,1,0,14.0,3.8,21.0,4.0,2
110990,15,0,1,3,15.6,4.4,40.0,7.0,2
62990,2,1,4,0,15.6,4.3,740.0,70.0,2
64490,12,12,0,0,14.0,4.284883720930233,718.0915697674419,83.89825581395348,2
28990,47,2,4,6,15.6,4.0,5344.0,705.0,0
42990,3,1,4,6,15.6,4.1,238.0,27.0,1
91958,9,0,0,0,14.0,4.284883720930233,718.0915697674419,83.89825581395348,2
74990,0,11,4,13,14.0,4.5,11.0,1.0,2
62990,0,0,0,0,15.6,4.5,14.0,1.0,2
59990,11,1,1,0,15.6,4.5,313.0,31.0,2
209690,48,0,4,3,15.6,5.0,4.0,0.0,2
74990,28,0,4,0,14.0,4.0,97.0,12.0,2
37500,1,1,1,1,15.6,4.4,53.0,3.0,1
88570,15,1,1,0,15.6,4.284883720930233,718.0915697674419,83.89825581395348,2
42990,0,6,1,0,15.6,4.3,47.0,11.0,1
81600,13,0,1,3,13.3,4.3,8.0,0.0,2
36890,7,1,1,2,14.0,4.284883720930233,718.0915697674419,83.89825581395348,1
122990,15,4,1,3,15.6,4.1,32.0,3.0,2
47990,11,1,0,0,15.6,4.5,17.0,4.0,2
35990,1,1,4,2,15.6,4.284883720930233,718.0915697674419,83.89825581395348,1
30650,3,2,4,6,14.1,3.5,74.0,12.0,1
52575,17,1,4,0,15.6,4.4,845.0,117.0,2
37890,3,2,8,2,15.6,5.0,1.0,1.0,1
45990,1,1,0,0,15.6,4.284883720930233,718.0915697674419,83.89825581395348,2
39890,1,1,0,0,15.6,3.7,6.0,0.0,1
37990,2,6,1,0,14.0,4.2,713.0,103.0,1
33990,47,2,4,2,14.0,4.3,5546.0,790.0,1
24490,49,1,4,2,14.0,3.6,1857.0,268.0,0
63290,9,0,1,0,15.6,4.1,125.0,9.0,2
63290,9,0,1,0,15.6,4.1,125.0,9.0,2
54960,0,1,4,0,15.6,4.4,849.0,80.0,2
61200,11,11,1,0,14.0,4.284883720930233,718.0915697674419,83.89825581395348,2
62990,0,0,0,0,15.6,4.5,14.0,1.0,2
39890,1,1,0,0,15.6,3.7,6.0,0.0,1
24490,49,1,4,2,14.0,3.6,1857.0,268.0,0
71490,9,0,1,0,16.0,4.284883720930233,718.0915697674419,83.89825581395348,2
37500,1,1,1,1,15.6,4.4,53.0,3.0,1
67990,11,1,1,0,15.6,4.3,222.0,25.0,2
99990,43,21,4,0,13.3,4.3,30.0,7.0,2
104405,15,4,0,3,15.6,4.284883720930233,718.0915697674419,83.89825581395348,2
36890,7,1,1,2,14.0,4.284883720930233,718.0915697674419,83.89825581395348,1
94990,9,4,1,0,17.3,4.4,105.0,18.0,2
43390,1,1,0,0,14.0,4.284883720930233,718.0915697674419,83.89825581395348,1
99990,9,4,0,0,13.4,4.284883720930233,718.0915697674419,83.89825581395348,2
160180,23,9,1,3,16.1,4.284883720930233,718.0915697674419,83.89825581395348,2
26990,8,2,4,2,15.6,4.3,1654.0,225.0,0
174990,15,4,0,0,16.0,4.284883720930233,718.0915697674419,83.89825581395348,2
41960,1,1,4,0,15.6,4.3,545.0,68.0,1
68990,11,1,0,5,15.6,4.3,222.0,25.0,2
149610,15,4,1,3,15.6,4.8,5.0,1.0,2
63990,0,0,4,1,15.6,4.3,652.0,85.0,2
27990,22,2,1,2,14.0,4.1,114.0,15.0,0
68990,0,0,1,0,15.6,4.6,8.0,3.0,2
60490,11,1,4,1,15.6,4.5,912.0,122.0,2
69351,39,17,4,0,14.0,4.2,6.0,3.0,2
261990,23,9,1,3,16.0,4.284883720930233,718.0915697674419,83.89825581395348,2
38500,1,1,1,0,15.6,4.3,453.0,38.0,1
79000,10,0,4,0,15.6,4.6,10.0,1.0,2
27990,22,2,1,2,14.0,4.1,114.0,15.0,0
64000,11,1,1,0,15.6,3.9,70.0,7.0,2
52890,0,0,0,0,15.6,4.5,14.0,1.0,2
40699,1,1,0,0,15.6,4.284883720930233,718.0915697674419,83.89825581395348,1
269990,31,16,4,3,15.6,4.8,8.0,1.0,2
99990,9,4,0,0,13.4,4.284883720930233,718.0915697674419,83.89825581395348,2
38699,1,1,1,0,15.6,4.3,4658.0,449.0,1
25990,50,2,4,2,14.0,4.1,944.0,93.0,0
50600,11,1,4,0,15.6,4.4,210.0,30.0,2
108290,13,4,1,0,16.1,4.3,39.0,6.0,2
52990,0,1,1,0,15.6,4.2,280.0,21.0,2
37990,1,1,9,2,15.6,3.7,128.0,16.0,1
38990,1,1,1,0,14.1,4.3,25.0,3.0,1
35960,8,1,1,0,15.6,4.5,4.0,0.0,1
56049,9,1,1,0,15.6,4.2,247.0,21.0,2
80000,11,1,4,1,15.6,4.6,35.0,6.0,2
30990,1,2,1,2,14.0,4.0,106.0,13.0,1
45990,1,1,1,1,15.6,4.4,494.0,72.0,2
47039,11,1,1,0,15.6,4.3,1603.0,184.0,2
50890,11,1,1,0,15.6,4.284883720930233,718.0915697674419,83.89825581395348,2
85990,13,0,4,0,14.0,4.2,34.0,5.0,2
122560,13,4,0,0,16.2,4.284883720930233,718.0915697674419,83.89825581395348,2
38500,1,1,1,0,15.6,4.3,453.0,38.0,1
73990,2,1,4,0,17.3,4.8,12.0,0.0,2
121677,13,0,1,0,16.1,4.284883720930233,718.0915697674419,83.89825581395348,2
39990,1,1,0,0,15.6,4.1,29.0,2.0,1
52890,0,0,0,0,15.6,4.5,14.0,1.0,2
63331,11,1,1,0,16.0,4.284883720930233,718.0915697674419,83.89825581395348,2
43490,1,1,4,6,15.6,4.0,308.0,42.0,1
25990,6,10,6,6,14.0,4.1,209.0,29.0,0
38699,1,1,1,0,15.6,4.3,4658.0,449.0,1
136000,13,4,1,3,16.1,4.284883720930233,718.0915697674419,83.89825581395348,2
81990,39,1,4,6,14.0,4.284883720930233,718.0915697674419,83.89825581395348,2
119990,44,17,4,2,14.0,4.0,1.0,1.0,2
52990,0,1,1,0,15.6,4.2,280.0,21.0,2
130500,30,0,1,3,16.0,4.284883720930233,718.0915697674419,83.89825581395348,2
86000,43,1,4,0,13.3,4.284883720930233,718.0915697674419,83.89825581395348,2
79990,13,11,4,3,13.3,3.0,2.0,1.0,2
56049,9,1,1,0,15.6,4.2,247.0,21.0,2
59990,44,1,2,6,15.6,3.5,6.0,1.0,2
119990,15,3,0,0,14.0,4.284883720930233,718.0915697674419,83.89825581395348,2
84990,9,4,1,0,15.6,4.1,35.0,5.0,2
47039,11,1,1,0,15.6,4.3,1603.0,184.0,2
189990,13,4,0,3,15.6,4.284883720930233,718.0915697674419,83.89825581395348,2
74990,39,1,4,0,13.3,3.3,3.0,1.0,2
68690,0,1,4,1,15.6,4.4,479.0,57.0,2
62990,0,0,0,0,15.6,4.5,14.0,1.0,2
92070,15,0,0,0,14.0,4.284883720930233,718.0915697674419,83.89825581395348,2
57890,11,0,1,0,14.0,4.284883720930233,718.0915697674419,83.89825581395348,2
180990,10,0,4,3,17.3,4.5,27.0,6.0,2
37500,1,1,1,1,15.6,4.4,53.0,3.0,1
62990,9,1,0,0,14.0,4.284883720930233,718.0915697674419,83.89825581395348,2
136590,39,1,4,2,13.3,4.284883720930233,718.0915697674419,83.89825581395348,2
73070,9,0,1,0,15.6,4.284883720930233,718.0915697674419,83.89825581395348,2
36890,7,1,1,2,14.0,4.284883720930233,718.0915697674419,83.89825581395348,1
88990,34,0,0,0,15.6,4.284883720930233,718.0915697674419,83.89825581395348,2
40250,3,1,4,6,15.6,4.1,1147.0,119.0,1
61890,0,1,0,1,15.6,3.5,6.0,1.0,2
62180,0,1,1,0,15.6,4.284883720930233,718.0915697674419,83.89825581395348,2
97500,2,0,4,0,15.6,3.7,3.0,0.0,2
74490,39,19,4,0,13.3,4.2,50.0,4.0,2
167990,13,8,1,3,13.4,4.284883720930233,718.0915697674419,83.89825581395348,2
73990,11,1,4,0,15.6,4.0,15.0,5.0,2
104990,15,3,0,0,14.0,4.284883720930233,718.0915697674419,83.89825581395348,2
149990,43,0,4,0,15.6,4.1,10.0,3.0,2
42800,1,1,1,0,15.6,4.284883720930233,718.0915697674419,83.89825581395348,1
85990,13,0,4,0,17.3,4.5,1468.0,194.0,2
59000,11,1,4,0,16.1,4.2,9.0,2.0,2
97500,2,0,4,0,15.6,3.7,3.0,0.0,2
73990,11,1,4,0,15.6,4.0,15.0,5.0,2
38500,1,1,1,0,15.6,4.3,453.0,38.0,1
62779,0,1,0,0,15.6,4.284883720930233,718.0915697674419,83.89825581395348,2
46490,1,1,4,1,15.6,4.284883720930233,718.0915697674419,83.89825581395348,2
129990,5,1,3,0,13.3,4.5,481.0,50.0,2
52890,0,0,0,0,15.6,4.5,14.0,1.0,2
52990,10,11,1,0,15.6,4.3,26.0,6.0,2
72990,11,1,4,0,15.6,4.284883720930233,718.0915697674419,83.89825581395348,2
176990,13,4,0,3,14.0,4.284883720930233,718.0915697674419,83.89825581395348,2
38699,1,1,1,0,15.6,4.3,4658.0,449.0,1
59990,2,1,4,0,15.6,4.5,5145.0,564.0,2
44990,1,1,0,1,15.6,4.284883720930233,718.0915697674419,83.89825581395348,1
61000,9,1,1,0,15.6,3.8,45.0,6.0,2
52990,0,1,1,0,15.6,4.2,280.0,21.0,2
31490,8,1,1,2,15.6,3.7,36.0,3.0,1
99990,17,1,4,7,15.0,3.8,9.0,0.0,2
166990,23,4,1,3,15.6,4.284883720930233,718.0915697674419,83.89825581395348,2
56049,9,1,1,0,15.6,4.2,247.0,21.0,2
28960,27,1,0,2,14.0,4.284883720930233,718.0915697674419,83.89825581395348,0
94990,9,0,1,0,15.6,4.284883720930233,718.0915697674419,83.89825581395348,2
94990,13,12,1,0,16.1,4.284883720930233,718.0915697674419,83.89825581395348,2
47039,11,1,1,0,15.6,4.3,1603.0,184.0,2
59990,37,1,4,0,15.6,4.5,1197.0,151.0,2
62779,0,1,0,0,15.6,4.284883720930233,718.0915697674419,83.89825581395348,2
22990,6,10,6,0,11.6,4.0,1853.0,287.0,0
62990,0,0,0,0,15.6,4.5,14.0,1.0,2
42550,1,1,0,2,15.6,4.284883720930233,718.0915697674419,83.89825581395348,1
29990,3,6,1,2,15.6,4.284883720930233,718.0915697674419,83.89825581395348,0
85499,9,1,1,0,15.6,3.5,4.0,1.0,2
37500,1,1,1,1,15.6,4.4,53.0,3.0,1
67990,11,0,0,0,16.0,4.284883720930233,718.0915697674419,83.89825581395348,2
152124,10,0,1,3,16.0,4.6,49.0,3.0,2
89990,9,12,1,0,14.0,4.284883720930233,718.0915697674419,83.89825581395348,2
36890,7,1,1,2,14.0,4.284883720930233,718.0915697674419,83.89825581395348,1
206490,31,0,4,3,15.6,4.3,22.0,3.0,2
28490,6,5,7,3,11.6,3.6,153.0,22.0,0
45126,39,1,4,6,14.0,4.0,1371.0,177.0,2
239759,28,18,4,0,13.3,4.284883720930233,718.0915697674419,83.89825581395348,2
144990,34,0,4,3,15.6,4.4,9.0,3.0,2
65990,28,1,4,0,15.6,4.3,76.0,7.0,2
29990,3,6,1,2,15.6,4.284883720930233,718.0915697674419,83.89825581395348,0
72990,40,0,0,0,14.0,4.284883720930233,718.0915697674419,83.89825581395348,2
66490,11,1,4,0,14.0,4.4,293.0,39.0,2
43090,1,2,1,1,35.0,4.2,33.0,7.0,1
43490,51,1,8,2,15.6,4.284883720930233,718.0915697674419,83.89825581395348,1
181890,15,3,0,3,13.3,4.284883720930233,718.0915697674419,83.89825581395348,2
33490,3,1,0,2,15.6,3.6,22.0,4.0,1
47130,0,1,4,6,15.6,4.0,566.0,61.0,2
39999,1,1,2,0,15.6,4.0,52.0,8.0,1
62990,0,0,0,0,15.6,4.5,14.0,1.0,2
76990,52,1,4,3,14.0,4.284883720930233,718.0915697674419,83.89825581395348,2
99900,10,0,1,0,14.0,4.5,28.0,3.0,2
160990,28,0,4,1,15.6,4.284883720930233,718.0915697674419,83.89825581395348,2
37500,1,1,1,1,15.6,4.4,53.0,3.0,1
24990,6,2,1,1,11.6,4.284883720930233,718.0915697674419,83.89825581395348,0
68290,0,0,0,0,15.6,4.1,8.0,0.0,2
36000,1,2,2,6,15.6,4.284883720930233,718.0915697674419,83.89825581395348,1
36890,7,1,1,2,14.0,4.284883720930233,718.0915697674419,83.89825581395348,1
68990,53,17,4,6,15.6,1.6,23.0,4.0,2
105890,15,0,1,0,14.0,4.8,4.0,0.0,2
54990,39,1,4,0,14.0,4.4,2298.0,307.0,2
66666,0,1,8,0,13.3,4.284883720930233,718.0915697674419,83.89825581395348,2
72990,13,1,1,0,17.3,4.284883720930233,718.0915697674419,83.89825581395348,2
57990,11,1,4,0,15.6,4.2,116.0,16.0,2
187990,13,4,0,3,16.0,4.284883720930233,718.0915697674419,83.89825581395348,2
66490,9,1,1,0,15.6,4.284883720930233,718.0915697674419,83.89825581395348,2
54450,2,1,4,6,15.6,4.1,1235.0,159.0,2
63308,12,1,1,0,15.6,4.284883720930233,718.0915697674419,83.89825581395348,2
107990,13,4,0,3,15.6,4.0,17.0,4.0,2
44990,1,1,8,0,15.6,4.2,4443.0,518.0,1
76999,11,1,0,0,15.6,4.284883720930233,718.0915697674419,83.89825581395348,2
64821,39,1,4,14,15.6,3.3,4.0,0.0,2
244801,43,0,4,0,14.0,4.284883720930233,718.0915697674419,83.89825581395348,2
62990,0,0,0,0,15.6,4.5,14.0,1.0,2
163990,28,0,4,0,13.3,3.3,3.0,1.0,2
68990,0,0,1,0,15.6,4.1,187.0,16.0,2
105990,10,0,4,0,14.0,4.7,86.0,14.0,2
37500,1,1,1,1,15.6,4.4,53.0,3.0,1
35891,27,2,0,2,14.0,4.284883720930233,718.0915697674419,83.89825581395348,1
161990,23,4,0,3,15.6,4.284883720930233,718.0915697674419,83.89825581395348,2
76990,36,1,4,6,15.6,4.4,295.0,71.0,2
36890,7,1,1,2,14.0,4.284883720930233,718.0915697674419,83.89825581395348,1
52490,54,17,10,6,15.6,3.8,78.0,17.0,2
59490,0,1,4,0,15.6,4.284883720930233,718.0915697674419,83.89825581395348,2
101299,9,12,1,0,17.0,4.284883720930233,718.0915697674419,83.89825581395348,2
158000,10,0,4,3,16.1,4.284883720930233,718.0915697674419,83.89825581395348,2
66990,55,1,4,0,15.6,4.5,1667.0,232.0,2
55190,0,1,1,0,15.6,4.0,3.0,0.0,2
189990,23,4,1,3,15.6,4.284883720930233,718.0915697674419,83.89825581395348,2
62890,39,1,4,0,14.0,3.8,84.0,13.0,2
24800,27,2,1,2,15.6,4.4,12.0,3.0,0
23990,6,10,0,2,15.6,4.284883720930233,718.0915697674419,83.89825581395348,0
80590,10,1,4,0,14.0,4.6,21.0,3.0,2
63490,11,0,1,0,15.6,4.1,70.0,7.0,2
73990,2,0,4,0,15.6,4.4,38.0,6.0,2
44990,2,1,0,0,14.0,4.4,21.0,2.0,1
59990,39,1,4,6,15.6,4.0,121.0,27.0,2
62990,0,0,0,0,15.6,4.5,14.0,1.0,2
39690,3,1,4,2,14.96,4.3,4.0,0.0,1
65990,9,1,0,0,16.0,4.284883720930233,718.0915697674419,83.89825581395348,2
149990,15,4,1,3,15.6,4.0,11.0,0.0,2
37500,1,1,1,1,15.6,4.4,53.0,3.0,1
138550,28,0,8,0,12.0,4.284883720930233,718.0915697674419,83.89825581395348,2
64990,2,1,4,0,15.6,4.5,5145.0,564.0,2
27990,32,10,7,0,14.0,3.8,26.0,3.0,0
36890,7,1,1,2,14.0,4.284883720930233,718.0915697674419,83.89825581395348,1
231400,55,0,4,3,15.6,4.284883720930233,718.0915697674419,83.89825581395348,2
65200,9,0,1,0,15.6,4.8,4.0,0.0,2
39643,3,2,8,6,15.6,3.9,47.0,4.0,1
34990,1,2,4,2,14.0,4.5,79.0,10.0,1
155411,2,0,4,10,14.0,4.284883720930233,718.0915697674419,83.89825581395348,2
20990,50,2,4,10,11.6,3.9,199.0,20.0,0
43500,1,1,1,0,15.6,4.0,4.0,0.0,1
56990,39,2,4,6,15.6,4.0,21.0,5.0,2
35500,56,2,1,2,15.6,4.284883720930233,718.0915697674419,83.89825581395348,1
36600,8,1,0,15,15.6,4.7,3.0,0.0,1
40499,7,1,4,0,15.6,4.3,274.0,42.0,1
56900,11,0,1,0,14.0,4.1,27.0,2.0,2
179999,13,9,1,3,16.0,4.284883720930233,718.0915697674419,83.89825581395348,2
32990,3,6,1,0,15.6,4.284883720930233,718.0915697674419,83.89825581395348,1
79258,39,1,4,6,15.6,4.0,163.0,58.0,2
62990,0,0,0,0,15.6,4.5,14.0,1.0,2
69890,2,1,4,0,15.6,4.2,6.0,0.0,2
132790,2,19,4,0,14.0,4.284883720930233,718.0915697674419,83.89825581395348,2
88990,0,0,4,0,15.6,4.284883720930233,718.0915697674419,83.89825581395348,2
37500,1,1,1,1,15.6,4.4,53.0,3.0,1
85990,39,1,4,0,14.0,4.284883720930233,718.0915697674419,83.89825581395348,2
93990,28,1,4,6,14.0,4.284883720930233,718.0915697674419,83.89825581395348,2
174527,28,0,4,0,13.3,4.284883720930233,718.0915697674419,83.89825581395348,2
36890,7,1,1,2,14.0,4.284883720930233,718.0915697674419,83.89825581395348,1
127000,2,1,4,0,13.3,5.0,2.0,1.0,2
174250,28,18,4,0,14.0,4.284883720930233,718.0915697674419,83.89825581395348,2
57090,37,1,4,0,15.6,4.4,2952.0,364.0,2
32990,3,6,1,0,15.6,4.284883720930233,718.0915697674419,83.89825581395348,1
50490,11,1,4,0,15.6,4.3,569.0,53.0,2
67990,43,1,4,1,14.0,4.4,994.0,172.0,2
165990,28,18,4,3,14.0,4.284883720930233,718.0915697674419,83.89825581395348,2
82990,13,0,0,0,15.6,4.284883720930233,718.0915697674419,83.89825581395348,2
81998,39,17,4,2,14.0,4.0,15.0,3.0,2
187990,23,0,1,3,15.6,3.7,6.0,1.0,2
68180,13,0,1,0,16.0,4.284883720930233,718.0915697674419,83.89825581395348,2
45990,11,1,1,0,14.0,4.4,3189.0,430.0,2
88990,13,0,1,0,15.6,4.7,3.0,0.0,2
66890,0,1,1,0,15.6,4.1,41.0,2.0,2
47990,0,1,1,0,14.0,4.0,94.0,20.0,2
62990,0,0,0,0,15.6,4.5,14.0,1.0,2
19990,6,10,0,7,14.1,4.284883720930233,718.0915697674419,83.89825581395348,0
16990,6,10,6,7,11.6,3.5,1386.0,164.0,0
419990,19,9,1,4,15.6,4.284883720930233,718.0915697674419,83.89825581395348,2
37500,1,1,1,1,15.6,4.4,53.0,3.0,1
76990,9,0,0,0,14.0,4.284883720930233,718.0915697674419,83.89825581395348,2
27990,8,1,0,2,15.6,3.8,40.0,3.0,0
41990,17,1,4,0,15.6,4.0,706.0,142.0,1
36890,7,1,1,2,14.0,4.284883720930233,718.0915697674419,83.89825581395348,1
99999,9,0,0,0,15.6,4.284883720930233,718.0915697674419,83.89825581395348,2
73490,9,1,1,0,15.6,3.6,57.0,11.0,2
51990,28,0,4,3,14.0,3.8,318.0,59.0,2
205000,15,4,1,3,17.3,4.284883720930233,718.0915697674419,83.89825581395348,2
46990,28,11,1,0,14.0,3.7,114.0,27.0,2
67500,0,0,1,0,15.6,4.284883720930233,718.0915697674419,83.89825581395348,2
21990,6,10,6,0,14.0,3.8,1135.0,167.0,0
37990,3,1,4,6,15.6,4.0,1907.0,227.0,1
22670,57,5,6,6,11.6,3.8,5991.0,687.0,0
54990,11,1,0,0,14.0,4.5,22.0,5.0,2
40990,1,1,1,1,15.6,4.0,801.0,104.0,1
24540,58,2,0,2,14.0,4.284883720930233,718.0915697674419,83.89825581395348,0
